{
  "project_info": {
    "project_number": "72413934782",
    "project_id": "hale-health-393f6",
    "storage_bucket": "hale-health-393f6.appspot.com"
  },
  "client": [
    {
      "client_info": {
        "mobilesdk_app_id": "1:72413934782:android:dafba1ed67b987e5291aef",
        "android_client_info": {
          "package_name": "com.example.halehealth"
        }
      },
      "oauth_client": [],
      "api_key": [
        {
          "current_key": "AIzaSyB_6ubqBitO4dztxL6KSnWc0svP72swpqM"
        }
      ],
      "services": {
        "appinvite_service": {
          "other_platform_oauth_client": []
        }
      }
    }
  ],
  "configuration_version": "1"
}